id,sessionId,setNumber,displaySetNumber,setType,actualReps,actualWeightPerCableKg,actualTotalLoadKg,actualVolumeKg,loggedRpe,isPr,completedLocalDateTime,completedLocalDate,exerciseId,exerciseName,routineSessionId,routineName,mode
280a7c85-494a-45b5-bd1e-d9ec01c43d6a,b65c0070-6d06-4114-9ffa-ae2f550c6fdd,0,1,STANDARD,5,30.0,60.0,300.0,,True,2026-04-09T12:21:52+08:00,2026-04-09,MUqWc_cySh8Szk49,High Bar Squat,ea11cc92-317f-4a57-9f3c-a72db307b5eb,stronglift 5x5 A,Old School
7f44b72d-61d7-452d-bc41-e692bc38dba4,faa5ae2b-d211-4fd5-990e-5cf6c61e9a07,1,2,STANDARD,5,30.0,60.0,300.0,,False,2026-04-09T12:24:49+08:00,2026-04-09,MUqWc_cySh8Szk49,High Bar Squat,ea11cc92-317f-4a57-9f3c-a72db307b5eb,stronglift 5x5 A,Old School
687f5cfd-c0f0-4410-8e61-fab7f50de664,d22864a1-f9f0-41b3-a515-ddce093275db,2,3,STANDARD,5,30.0,60.0,300.0,,False,2026-04-09T12:26:10+08:00,2026-04-09,MUqWc_cySh8Szk49,High Bar Squat,ea11cc92-317f-4a57-9f3c-a72db307b5eb,stronglift 5x5 A,Old School
0cdb83bb-7306-4c60-a701-576e73af213c,5016c19b-34a2-4bd7-bb2d-d0f0e37ec131,3,4,STANDARD,5,30.0,60.0,300.0,,False,2026-04-09T12:29:04+08:00,2026-04-09,MUqWc_cySh8Szk49,High Bar Squat,ea11cc92-317f-4a57-9f3c-a72db307b5eb,stronglift 5x5 A,Old School
3369d394-ff48-4503-ab86-061b42beec1e,d6fa1bc0-ba31-4e00-a081-545d79145dac,4,5,STANDARD,5,30.0,60.0,300.0,,False,2026-04-09T12:31:58+08:00,2026-04-09,MUqWc_cySh8Szk49,High Bar Squat,ea11cc92-317f-4a57-9f3c-a72db307b5eb,stronglift 5x5 A,Old School
b29cc66d-7373-4af9-9ec8-7a3235ebda40,072fb692-8fe6-40d4-a7f4-24851e756d47,0,1,STANDARD,5,15.0,30.0,150.0,,True,2026-04-09T12:34:47+08:00,2026-04-09,NmuYV1NROjrd0NaU,Neutral Grip Bench Press,ea11cc92-317f-4a57-9f3c-a72db307b5eb,stronglift 5x5 A,TUT Beast
ba5a9a28-1300-4dd8-946c-36f993703f68,708d304f-fc05-4ac9-acf4-574c0542a2b0,1,2,STANDARD,5,15.0,30.0,150.0,,False,2026-04-09T12:36:23+08:00,2026-04-09,NmuYV1NROjrd0NaU,Neutral Grip Bench Press,ea11cc92-317f-4a57-9f3c-a72db307b5eb,stronglift 5x5 A,TUT Beast
984546ef-bd93-4950-96a4-742c71eba809,c21da9c0-1081-4761-bea1-b2660929f68f,2,3,STANDARD,5,15.0,30.0,150.0,,False,2026-04-09T12:39:24+08:00,2026-04-09,NmuYV1NROjrd0NaU,Neutral Grip Bench Press,ea11cc92-317f-4a57-9f3c-a72db307b5eb,stronglift 5x5 A,TUT Beast
4c64cd52-e8bb-4f00-8d0c-04c7a3a94378,2e02726b-2e1d-4110-a3bc-8f4dc89b2a15,3,4,STANDARD,5,15.0,30.0,150.0,,False,2026-04-09T12:41:52+08:00,2026-04-09,NmuYV1NROjrd0NaU,Neutral Grip Bench Press,ea11cc92-317f-4a57-9f3c-a72db307b5eb,stronglift 5x5 A,TUT Beast
42ad53c6-88c3-4ff4-9c73-5fd0ded99b16,3895e641-8c06-4ddb-bd9d-2355f8185abe,4,5,STANDARD,5,15.0,30.0,150.0,,False,2026-04-09T12:42:55+08:00,2026-04-09,NmuYV1NROjrd0NaU,Neutral Grip Bench Press,ea11cc92-317f-4a57-9f3c-a72db307b5eb,stronglift 5x5 A,TUT Beast
f7d403ca-4aa3-4690-8a2c-b721e78fc9c6,8087f473-4e35-4044-8966-a50dcc79f052,0,1,STANDARD,5,15.0,30.0,150.0,,True,2026-04-09T12:44:50+08:00,2026-04-09,31ea9d9e-669c-4752-9f44-80c3fa864021,Bent Over Row,ea11cc92-317f-4a57-9f3c-a72db307b5eb,stronglift 5x5 A,Old School
93809e93-b61b-4a87-979d-412f9868ae33,19ed6428-386c-4534-a4a6-508910c2d716,1,2,STANDARD,5,15.0,30.0,150.0,,False,2026-04-09T12:46:34+08:00,2026-04-09,31ea9d9e-669c-4752-9f44-80c3fa864021,Bent Over Row,ea11cc92-317f-4a57-9f3c-a72db307b5eb,stronglift 5x5 A,Old School
d6810bf3-82f8-415d-ab93-1e86be4aec90,7acd5789-773b-4924-b5bc-5cfb2071b4df,2,3,STANDARD,5,15.0,30.0,150.0,,False,2026-04-09T12:48:50+08:00,2026-04-09,31ea9d9e-669c-4752-9f44-80c3fa864021,Bent Over Row,ea11cc92-317f-4a57-9f3c-a72db307b5eb,stronglift 5x5 A,Old School
47d1cfb6-fbe8-42e2-a57a-da1be4188abe,d08efcfb-a0a5-445c-aa12-4133d7cbdc84,3,4,STANDARD,5,15.0,30.0,150.0,,False,2026-04-09T12:49:50+08:00,2026-04-09,31ea9d9e-669c-4752-9f44-80c3fa864021,Bent Over Row,ea11cc92-317f-4a57-9f3c-a72db307b5eb,stronglift 5x5 A,Old School
1c52618c-5805-473e-b0bc-7d727325bebc,539838d1-a88b-43d8-8640-4ca0cf6f59a5,4,5,STANDARD,5,15.0,30.0,150.0,,False,2026-04-09T12:51:32+08:00,2026-04-09,31ea9d9e-669c-4752-9f44-80c3fa864021,Bent Over Row,ea11cc92-317f-4a57-9f3c-a72db307b5eb,stronglift 5x5 A,Old School
b1670010-c209-46cf-b4a9-e142a93c3a82,caeb7905-7221-4570-9ee5-bf29844b1e9e,0,1,STANDARD,5,30.0,60.0,300.0,,False,2026-04-11T10:29:25+08:00,2026-04-11,MUqWc_cySh8Szk49,High Bar Squat,1c813184-b8f2-48dd-b47e-e3fe15f19356,stronglift 5x5 B,Old School
38b8e1ec-8b20-49b4-a5ec-ed86760d0e9c,79a0a11e-a2fe-4be9-ada8-7fc141470cc8,1,2,STANDARD,5,30.0,60.0,300.0,,False,2026-04-11T10:31:03+08:00,2026-04-11,MUqWc_cySh8Szk49,High Bar Squat,1c813184-b8f2-48dd-b47e-e3fe15f19356,stronglift 5x5 B,Old School
5f77939d-2de1-416c-b0d4-4d40cf34ac22,5badfe37-547b-4525-ad41-de41bb2eb8b0,2,3,STANDARD,5,30.0,60.0,300.0,,False,2026-04-11T10:33:54+08:00,2026-04-11,MUqWc_cySh8Szk49,High Bar Squat,1c813184-b8f2-48dd-b47e-e3fe15f19356,stronglift 5x5 B,Old School
ecb874af-393f-4d2c-b9c7-491aa8a4af15,f54e743b-db04-4906-a688-e4a78da0acfa,3,4,STANDARD,5,30.0,60.0,300.0,,False,2026-04-11T10:35:58+08:00,2026-04-11,MUqWc_cySh8Szk49,High Bar Squat,1c813184-b8f2-48dd-b47e-e3fe15f19356,stronglift 5x5 B,Old School
a8880f2f-23de-4b91-a0c9-45768e054910,72772ad2-169e-4260-87c6-ce147a8c99c6,4,5,STANDARD,5,31.0,62.0,310.0,,True,2026-04-11T10:39:02+08:00,2026-04-11,MUqWc_cySh8Szk49,High Bar Squat,1c813184-b8f2-48dd-b47e-e3fe15f19356,stronglift 5x5 B,Old School
01b9fb03-ceed-41dc-af71-fb3127c524f1,c8ce8d44-b4ae-4006-8d0b-20251924a752,0,1,STANDARD,5,10.0,20.0,100.0,,True,2026-04-11T10:41:56+08:00,2026-04-11,e467f6b8-1e92-4571-b3e6-c020ca7099c3,Overhead Press,1c813184-b8f2-48dd-b47e-e3fe15f19356,stronglift 5x5 B,Old School
237db5ca-d024-4287-bc53-d4419e5b2aa7,efd935a3-1e12-458b-b4b2-22b3e9363b37,1,2,STANDARD,5,10.0,20.0,100.0,,False,2026-04-11T10:44:07+08:00,2026-04-11,e467f6b8-1e92-4571-b3e6-c020ca7099c3,Overhead Press,1c813184-b8f2-48dd-b47e-e3fe15f19356,stronglift 5x5 B,Old School
ab532012-6659-42fc-96ac-16a0ea6f96a0,ea0d3c96-9f60-406d-a7c7-2af8c851891b,2,3,STANDARD,5,10.0,20.0,100.0,,False,2026-04-11T10:47:07+08:00,2026-04-11,e467f6b8-1e92-4571-b3e6-c020ca7099c3,Overhead Press,1c813184-b8f2-48dd-b47e-e3fe15f19356,stronglift 5x5 B,Old School
29d73cae-8647-45a3-b9c5-c29cc1f2f608,b69a9b3d-a4e2-4101-a5be-33492a998bd9,3,4,STANDARD,5,10.0,20.0,100.0,,False,2026-04-11T10:49:00+08:00,2026-04-11,e467f6b8-1e92-4571-b3e6-c020ca7099c3,Overhead Press,1c813184-b8f2-48dd-b47e-e3fe15f19356,stronglift 5x5 B,Old School
080c6dc4-29ff-4b6b-9171-05783db00b48,d72392a0-3e46-411e-ae53-5388ea45cb7b,4,5,STANDARD,5,10.0,20.0,100.0,,False,2026-04-11T10:52:01+08:00,2026-04-11,e467f6b8-1e92-4571-b3e6-c020ca7099c3,Overhead Press,1c813184-b8f2-48dd-b47e-e3fe15f19356,stronglift 5x5 B,Old School
79379e36-e06b-453b-8b72-582b8ab2df39,2b0e94c4-f0c1-4813-8cef-8c7482c45345,0,1,STANDARD,5,22.0,44.0,220.0,,True,2026-04-11T10:55:01+08:00,2026-04-11,e64c7837-52e2-4b97-b771-cf08ab861af1,Conventional Deadlift,1c813184-b8f2-48dd-b47e-e3fe15f19356,stronglift 5x5 B,Old School
fa5428ca-8534-4f5e-af92-a990e02d3e85,cdc151d5-b6ba-4526-9579-b434b86c86d8,2,3,STANDARD,5,5.0,10.0,50.0,,False,2026-04-11T10:56:30+08:00,2026-04-11,e64c7837-52e2-4b97-b771-cf08ab861af1,Conventional Deadlift,1c813184-b8f2-48dd-b47e-e3fe15f19356,stronglift 5x5 B,Old School
a0f528ff-dd4f-4456-801a-20b31284972d,5b6ccc3d-db7e-49ea-bf0b-333b6772d302,0,1,STANDARD,5,31.5,63.0,315.0,,True,2026-04-16T04:53:32+08:00,2026-04-16,MUqWc_cySh8Szk49,High Bar Squat,79d7bec2-0a96-4ef1-8e65-428710711887,stronglift 5x5 A,Old School
c1489bde-a862-4820-a21b-a3164304370d,94a72716-36be-414e-9969-df44e321bfd7,1,2,STANDARD,5,31.5,63.0,315.0,,False,2026-04-16T04:56:27+08:00,2026-04-16,MUqWc_cySh8Szk49,High Bar Squat,79d7bec2-0a96-4ef1-8e65-428710711887,stronglift 5x5 A,Old School
1a0b4192-898f-4f31-8214-d0a54133432a,4aead704-1e4b-44b8-8cdf-e83431919d21,2,3,STANDARD,5,31.5,63.0,315.0,,False,2026-04-16T04:59:23+08:00,2026-04-16,MUqWc_cySh8Szk49,High Bar Squat,79d7bec2-0a96-4ef1-8e65-428710711887,stronglift 5x5 A,Old School
dcd2379a-830e-4e12-9697-cea780475d20,e0825769-c2dd-4b40-a43f-74243dfc8c6f,3,4,STANDARD,5,31.5,63.0,315.0,,False,2026-04-16T05:02:15+08:00,2026-04-16,MUqWc_cySh8Szk49,High Bar Squat,79d7bec2-0a96-4ef1-8e65-428710711887,stronglift 5x5 A,Old School
6df4834f-19e1-4057-8508-33e5dc819b39,45253189-a2b1-43f3-b881-fe5845a7b2d9,4,5,STANDARD,5,31.5,63.0,315.0,,False,2026-04-16T05:05:07+08:00,2026-04-16,MUqWc_cySh8Szk49,High Bar Squat,79d7bec2-0a96-4ef1-8e65-428710711887,stronglift 5x5 A,Old School
0dc9c0b6-a51e-4182-8ef1-50332f8700aa,53d0fa3a-93ad-409a-848e-d933c1d01708,0,1,STANDARD,5,16.0,32.0,160.0,,True,2026-04-16T05:07:56+08:00,2026-04-16,NmuYV1NROjrd0NaU,Neutral Grip Bench Press,79d7bec2-0a96-4ef1-8e65-428710711887,stronglift 5x5 A,TUT Beast
ff7e30f0-32d0-42d4-a4dc-b24e3f8a7ce3,885e0ba0-52ca-40b4-9da4-e7af80d13dd2,1,2,STANDARD,5,16.0,32.0,160.0,,False,2026-04-16T05:10:55+08:00,2026-04-16,NmuYV1NROjrd0NaU,Neutral Grip Bench Press,79d7bec2-0a96-4ef1-8e65-428710711887,stronglift 5x5 A,TUT Beast
e841941f-08e9-4dde-a60c-03b6d7d1b768,03c4bde2-bbdf-4c43-8c2d-1be63842045d,2,3,STANDARD,5,16.0,32.0,160.0,,False,2026-04-16T05:13:50+08:00,2026-04-16,NmuYV1NROjrd0NaU,Neutral Grip Bench Press,79d7bec2-0a96-4ef1-8e65-428710711887,stronglift 5x5 A,TUT Beast
e2e4d7de-09e0-412f-9030-1552e8ca6df5,6f81e4db-13cc-4837-b96d-c3f775127129,3,4,STANDARD,5,16.0,32.0,160.0,,False,2026-04-16T05:16:46+08:00,2026-04-16,NmuYV1NROjrd0NaU,Neutral Grip Bench Press,79d7bec2-0a96-4ef1-8e65-428710711887,stronglift 5x5 A,TUT Beast
c30d6159-778e-45ff-b8f7-3975b8123737,7fc20377-ba87-4700-906c-75c92a94a39a,4,5,STANDARD,5,16.0,32.0,160.0,,False,2026-04-16T05:19:41+08:00,2026-04-16,NmuYV1NROjrd0NaU,Neutral Grip Bench Press,79d7bec2-0a96-4ef1-8e65-428710711887,stronglift 5x5 A,TUT Beast
d0c42ad5-2139-482f-bb16-8cee1e01daec,5ce80f9e-03c4-465c-9e9f-6238cf62da67,0,1,STANDARD,5,16.0,32.0,160.0,,True,2026-04-16T05:22:40+08:00,2026-04-16,31ea9d9e-669c-4752-9f44-80c3fa864021,Bent Over Row,79d7bec2-0a96-4ef1-8e65-428710711887,stronglift 5x5 A,Old School
3f785974-3434-45f0-9b03-afe666a748b0,77ef7411-5f3b-4462-a314-9ccdadb16109,1,2,STANDARD,5,16.0,32.0,160.0,,False,2026-04-16T05:25:08+08:00,2026-04-16,31ea9d9e-669c-4752-9f44-80c3fa864021,Bent Over Row,79d7bec2-0a96-4ef1-8e65-428710711887,stronglift 5x5 A,Old School
d928e760-7d0e-4d8c-9044-c483f100d527,cf037c2a-d674-4e0f-bdc8-16d5ac8e0761,2,3,STANDARD,5,16.0,32.0,160.0,,False,2026-04-16T05:27:38+08:00,2026-04-16,31ea9d9e-669c-4752-9f44-80c3fa864021,Bent Over Row,79d7bec2-0a96-4ef1-8e65-428710711887,stronglift 5x5 A,Old School
37bb6f72-8fc3-4c86-bdf7-fb3e18c8d938,29b35bc7-20e0-4399-b1c7-01afb1ea4dec,3,4,STANDARD,5,16.0,32.0,160.0,,False,2026-04-16T05:30:03+08:00,2026-04-16,31ea9d9e-669c-4752-9f44-80c3fa864021,Bent Over Row,79d7bec2-0a96-4ef1-8e65-428710711887,stronglift 5x5 A,Old School
c2eee949-f5a6-4212-84a0-b66d7f95609b,ce37581e-9075-411b-8a58-712fdac022db,4,5,STANDARD,5,16.0,32.0,160.0,,False,2026-04-16T05:32:33+08:00,2026-04-16,31ea9d9e-669c-4752-9f44-80c3fa864021,Bent Over Row,79d7bec2-0a96-4ef1-8e65-428710711887,stronglift 5x5 A,Old School
ef5d1c68-fa8e-4149-a48d-8548540c25ac,54452b42-db76-4fe7-bc74-863bbbb76721,0,1,STANDARD,5,31.5,63.0,315.0,,False,2026-04-27T15:09:08+08:00,2026-04-27,MUqWc_cySh8Szk49,High Bar Squat,4cafc87d-9188-4e40-a876-99cc926fff0a,stronglift 5x5 A,Old School
88be6137-c6cb-49c0-9f80-243fa649bff3,c60f5657-976e-494e-afde-c0c994ed0c59,1,2,STANDARD,5,31.5,63.0,315.0,,False,2026-04-27T15:12:04+08:00,2026-04-27,MUqWc_cySh8Szk49,High Bar Squat,4cafc87d-9188-4e40-a876-99cc926fff0a,stronglift 5x5 A,Old School
9484a028-b4fb-45c2-94ca-d6e0ea9080fe,49679c18-fc79-46a3-9561-5d1e3a6dd3c4,2,3,STANDARD,5,31.5,63.0,315.0,,False,2026-04-27T15:14:57+08:00,2026-04-27,MUqWc_cySh8Szk49,High Bar Squat,4cafc87d-9188-4e40-a876-99cc926fff0a,stronglift 5x5 A,Old School
c319eac0-0b16-43e6-a5a6-22454b644cfb,14b89181-f86d-4356-b274-0e5bccaca03e,3,4,STANDARD,5,31.5,63.0,315.0,,False,2026-04-27T15:17:35+08:00,2026-04-27,MUqWc_cySh8Szk49,High Bar Squat,4cafc87d-9188-4e40-a876-99cc926fff0a,stronglift 5x5 A,Old School
6e87acee-7cfa-4fc2-b758-b32d7108c59f,5208ada1-06b7-4a24-9b0c-6195e561d2d4,4,5,STANDARD,5,31.5,63.0,315.0,,False,2026-04-27T15:20:29+08:00,2026-04-27,MUqWc_cySh8Szk49,High Bar Squat,4cafc87d-9188-4e40-a876-99cc926fff0a,stronglift 5x5 A,Old School
aa292406-438a-4525-9faa-85eac286baef,b1fe69a4-138d-41b8-b9e7-38aab74aa9e9,0,1,STANDARD,5,16.0,32.0,160.0,,False,2026-04-27T15:23:19+08:00,2026-04-27,NmuYV1NROjrd0NaU,Neutral Grip Bench Press,4cafc87d-9188-4e40-a876-99cc926fff0a,stronglift 5x5 A,TUT Beast
33d7066e-b27d-48a8-baa1-62990eab67c5,569fe8e7-0162-435f-b1c8-16a749078904,1,2,STANDARD,5,16.0,32.0,160.0,,False,2026-04-27T15:26:15+08:00,2026-04-27,NmuYV1NROjrd0NaU,Neutral Grip Bench Press,4cafc87d-9188-4e40-a876-99cc926fff0a,stronglift 5x5 A,TUT Beast
e661e1b3-b382-45d5-bd56-39ed767d031d,274d2482-a7f5-4fed-94d8-23e00e35e56e,2,3,STANDARD,5,16.0,32.0,160.0,,False,2026-04-27T15:29:10+08:00,2026-04-27,NmuYV1NROjrd0NaU,Neutral Grip Bench Press,4cafc87d-9188-4e40-a876-99cc926fff0a,stronglift 5x5 A,TUT Beast
1458dd5e-6993-45c3-a8d3-a5988158fe09,dccab686-bc9d-4ba5-b923-6e216f777d52,3,4,STANDARD,5,16.0,32.0,160.0,,False,2026-04-27T15:32:04+08:00,2026-04-27,NmuYV1NROjrd0NaU,Neutral Grip Bench Press,4cafc87d-9188-4e40-a876-99cc926fff0a,stronglift 5x5 A,TUT Beast
276d9091-c73b-4723-ba0e-5da33c0e089a,ea94ec05-64dc-4ff2-acb6-0e4f3c4429c5,4,5,STANDARD,5,16.0,32.0,160.0,,False,2026-04-27T15:35:03+08:00,2026-04-27,NmuYV1NROjrd0NaU,Neutral Grip Bench Press,4cafc87d-9188-4e40-a876-99cc926fff0a,stronglift 5x5 A,TUT Beast
edf61c83-c92e-48d7-b367-4df33835c175,c6c1fef6-cb94-4fda-8d9a-d102728d9c5b,0,1,STANDARD,5,16.0,32.0,160.0,,False,2026-04-27T15:37:58+08:00,2026-04-27,31ea9d9e-669c-4752-9f44-80c3fa864021,Bent Over Row,4cafc87d-9188-4e40-a876-99cc926fff0a,stronglift 5x5 A,Old School
2807d37d-81bc-4b52-a6de-fed5dc1cae96,f6f8fd39-0e7c-4ce4-9f68-17c3e5e2d11c,1,2,STANDARD,5,16.0,32.0,160.0,,False,2026-04-27T15:40:27+08:00,2026-04-27,31ea9d9e-669c-4752-9f44-80c3fa864021,Bent Over Row,4cafc87d-9188-4e40-a876-99cc926fff0a,stronglift 5x5 A,Old School
f2757374-1bdd-47f8-be33-90580044698e,3162db20-3407-47b7-be56-dd721c4414f5,2,3,STANDARD,5,16.0,32.0,160.0,,False,2026-04-27T15:42:23+08:00,2026-04-27,31ea9d9e-669c-4752-9f44-80c3fa864021,Bent Over Row,4cafc87d-9188-4e40-a876-99cc926fff0a,stronglift 5x5 A,Old School
fbc43e06-41a1-41dc-b17e-99b9671b420b,4f2d9883-d80b-4016-b243-14e03db1ac56,3,4,STANDARD,5,16.0,32.0,160.0,,False,2026-04-27T15:44:26+08:00,2026-04-27,31ea9d9e-669c-4752-9f44-80c3fa864021,Bent Over Row,4cafc87d-9188-4e40-a876-99cc926fff0a,stronglift 5x5 A,Old School
46698d99-ad75-4cc2-8ff6-bac0dc7bfaa3,40586727-da81-424a-8bdd-24fc6f6e97cc,4,5,STANDARD,5,16.0,32.0,160.0,,False,2026-04-27T15:46:54+08:00,2026-04-27,31ea9d9e-669c-4752-9f44-80c3fa864021,Bent Over Row,4cafc87d-9188-4e40-a876-99cc926fff0a,stronglift 5x5 A,Old School
6b5130df-c415-4c27-82d1-7595c33dc865,9ceb1d63-50b1-4514-bf05-6eb46af07c0e,0,1,STANDARD,5,32.5,65.0,325.0,,True,2026-04-29T19:51:15+08:00,2026-04-29,MUqWc_cySh8Szk49,High Bar Squat,89b1feeb-dd47-44a1-8b9d-e75a8135244b,stronglift 5x5 B,Old School
28e874f7-775d-47e8-ae92-26e777aa09fe,bdb975c6-2dfc-433a-9bc1-ae8b24dc14c4,1,2,STANDARD,5,32.5,65.0,325.0,,False,2026-04-29T19:54:11+08:00,2026-04-29,MUqWc_cySh8Szk49,High Bar Squat,89b1feeb-dd47-44a1-8b9d-e75a8135244b,stronglift 5x5 B,Old School
f3f9ff55-916a-4282-ac67-3f298bab411e,f76e109b-d0c1-4981-b15f-b25958521213,2,3,STANDARD,5,32.5,65.0,325.0,,False,2026-04-29T19:57:06+08:00,2026-04-29,MUqWc_cySh8Szk49,High Bar Squat,89b1feeb-dd47-44a1-8b9d-e75a8135244b,stronglift 5x5 B,Old School
0c25a111-c5db-4396-a202-464cacf0444c,5a82e18b-85cd-4b3b-9f2d-800f4d280c9e,3,4,STANDARD,5,32.5,65.0,325.0,,False,2026-04-29T19:59:15+08:00,2026-04-29,MUqWc_cySh8Szk49,High Bar Squat,89b1feeb-dd47-44a1-8b9d-e75a8135244b,stronglift 5x5 B,Old School
64104702-8311-47e7-bada-e933b3be4d29,41d54423-fb66-47ee-a2d6-429f17a2f0b7,4,5,STANDARD,5,32.5,65.0,325.0,,False,2026-04-29T20:02:08+08:00,2026-04-29,MUqWc_cySh8Szk49,High Bar Squat,89b1feeb-dd47-44a1-8b9d-e75a8135244b,stronglift 5x5 B,Old School
3c06482c-b7ae-4b83-832d-7539cf448844,38126702-5475-4a0b-b149-e55e5f4edcee,0,1,STANDARD,5,10.0,20.0,100.0,,False,2026-04-29T20:03:29+08:00,2026-04-29,e467f6b8-1e92-4571-b3e6-c020ca7099c3,Overhead Press,89b1feeb-dd47-44a1-8b9d-e75a8135244b,stronglift 5x5 B,Old School
bd6a65b4-9bb8-45f3-b182-3c2872b02c6a,b9c733f2-4ea1-429e-8d66-b5de097fa9a9,1,2,STANDARD,5,10.0,20.0,100.0,,False,2026-04-29T20:06:23+08:00,2026-04-29,e467f6b8-1e92-4571-b3e6-c020ca7099c3,Overhead Press,89b1feeb-dd47-44a1-8b9d-e75a8135244b,stronglift 5x5 B,Old School
0807c25a-7565-4e37-a6e4-93faefc4e0d4,f5dfa1bf-750d-4421-96ba-bbfdc8b7a145,2,3,STANDARD,5,10.0,20.0,100.0,,False,2026-04-29T20:09:19+08:00,2026-04-29,e467f6b8-1e92-4571-b3e6-c020ca7099c3,Overhead Press,89b1feeb-dd47-44a1-8b9d-e75a8135244b,stronglift 5x5 B,Old School
c60d0c1a-5b2c-4916-94af-c58a6209dcf4,ef323a1d-8a9f-4a8f-aeb8-17a3e5e43cd4,3,4,STANDARD,5,10.0,20.0,100.0,,False,2026-04-29T20:11:26+08:00,2026-04-29,e467f6b8-1e92-4571-b3e6-c020ca7099c3,Overhead Press,89b1feeb-dd47-44a1-8b9d-e75a8135244b,stronglift 5x5 B,Old School
ab5aeb75-5b1c-4b10-a0dc-a50f03c303ba,9e120cb0-df26-4294-93a8-aa32947f4c7b,4,5,STANDARD,5,10.0,20.0,100.0,,False,2026-04-29T20:14:21+08:00,2026-04-29,e467f6b8-1e92-4571-b3e6-c020ca7099c3,Overhead Press,89b1feeb-dd47-44a1-8b9d-e75a8135244b,stronglift 5x5 B,Old School
ccf81ac7-7b50-4b8a-9737-ca9f72c1ea4d,bc87090a-68ee-43af-916e-8353852d5d66,0,1,STANDARD,5,35.0,70.0,350.0,,True,2026-04-29T20:17:38+08:00,2026-04-29,e64c7837-52e2-4b97-b771-cf08ab861af1,Conventional Deadlift,89b1feeb-dd47-44a1-8b9d-e75a8135244b,stronglift 5x5 B,Old School
0e6038ee-ac1f-48b6-b15c-d8d99b1dd3ab,1ef3116b-3a85-4c80-a66c-441cbcecf5c1,0,1,STANDARD,5,32.5,65.0,325.0,,False,2026-05-13T13:38:49+08:00,2026-05-13,MUqWc_cySh8Szk49,High Bar Squat,b977c0cd-e306-4eef-89e1-0d4f4dbdb89b,stronglift 5x5 A,Old School
dc55e378-a066-46db-88f3-e9c3af7031b0,3f6f09d5-c70e-4000-bf91-e49cf3369f6c,1,2,STANDARD,5,32.5,65.0,325.0,,False,2026-05-13T13:41:10+08:00,2026-05-13,MUqWc_cySh8Szk49,High Bar Squat,b977c0cd-e306-4eef-89e1-0d4f4dbdb89b,stronglift 5x5 A,Old School
24099751-1b0c-473b-95ce-cdcb47ee6324,08845ba5-4aaa-41a2-8851-ad8632fab44d,2,3,STANDARD,5,32.5,65.0,325.0,,False,2026-05-13T13:43:30+08:00,2026-05-13,MUqWc_cySh8Szk49,High Bar Squat,b977c0cd-e306-4eef-89e1-0d4f4dbdb89b,stronglift 5x5 A,Old School
676dd722-7d84-448a-a1b9-e0eef19a82ad,166b5a14-2d79-4abc-8a45-c8d289eab929,3,4,STANDARD,5,32.5,65.0,325.0,,False,2026-05-13T13:46:19+08:00,2026-05-13,MUqWc_cySh8Szk49,High Bar Squat,b977c0cd-e306-4eef-89e1-0d4f4dbdb89b,stronglift 5x5 A,Old School
dbc58751-fc7a-4626-afd2-736b9f9c444a,cff00c9a-79c6-4d70-b322-a811aedfb9a0,4,5,STANDARD,5,32.5,65.0,325.0,,False,2026-05-13T13:49:08+08:00,2026-05-13,MUqWc_cySh8Szk49,High Bar Squat,b977c0cd-e306-4eef-89e1-0d4f4dbdb89b,stronglift 5x5 A,Old School
896ed492-5eee-487a-89f4-f20123087af0,2bea3a2e-d1c1-48dc-b1e7-b72cd05e3cbf,0,1,STANDARD,5,17.0,34.0,170.0,,True,2026-05-13T13:51:56+08:00,2026-05-13,NmuYV1NROjrd0NaU,Neutral Grip Bench Press,b977c0cd-e306-4eef-89e1-0d4f4dbdb89b,stronglift 5x5 A,TUT Beast
7b91133f-fd23-4932-97d4-779049b37a21,dacaea7c-ed9a-4ae1-bf02-12b006d25b33,1,2,STANDARD,5,17.0,34.0,170.0,,False,2026-05-13T13:53:17+08:00,2026-05-13,NmuYV1NROjrd0NaU,Neutral Grip Bench Press,b977c0cd-e306-4eef-89e1-0d4f4dbdb89b,stronglift 5x5 A,TUT Beast
362debf3-aa8c-4a84-9496-e4012745207d,31535cb5-263a-4330-94e1-f9b87dfc1e20,2,3,STANDARD,5,17.0,34.0,170.0,,False,2026-05-13T13:56:15+08:00,2026-05-13,NmuYV1NROjrd0NaU,Neutral Grip Bench Press,b977c0cd-e306-4eef-89e1-0d4f4dbdb89b,stronglift 5x5 A,TUT Beast
e5fb727c-880b-4e9b-a7a0-e55e56eaf5bc,4270f796-ad36-41c0-a94e-500f9a4b2140,3,4,STANDARD,5,17.0,34.0,170.0,,False,2026-05-13T13:57:21+08:00,2026-05-13,NmuYV1NROjrd0NaU,Neutral Grip Bench Press,b977c0cd-e306-4eef-89e1-0d4f4dbdb89b,stronglift 5x5 A,TUT Beast
678f336a-64ab-461d-a323-0e22c46bf3be,f4046824-18da-4a29-b6ac-fcd38e7f121a,4,5,STANDARD,5,17.0,34.0,170.0,,False,2026-05-13T14:00:13+08:00,2026-05-13,NmuYV1NROjrd0NaU,Neutral Grip Bench Press,b977c0cd-e306-4eef-89e1-0d4f4dbdb89b,stronglift 5x5 A,TUT Beast
47afc28d-44f9-4d6a-8517-275886159480,c3860f45-8f5f-4ce9-bfa9-f3701339c0ec,0,1,STANDARD,5,17.0,34.0,170.0,,True,2026-05-13T14:03:14+08:00,2026-05-13,31ea9d9e-669c-4752-9f44-80c3fa864021,Bent Over Row,b977c0cd-e306-4eef-89e1-0d4f4dbdb89b,stronglift 5x5 A,Old School
fc052f88-642d-4006-b5f2-3ced476c8cd0,ab89efc6-f46f-4d1a-8f76-0234bd289bbd,1,2,STANDARD,5,17.0,34.0,170.0,,False,2026-05-13T14:05:09+08:00,2026-05-13,31ea9d9e-669c-4752-9f44-80c3fa864021,Bent Over Row,b977c0cd-e306-4eef-89e1-0d4f4dbdb89b,stronglift 5x5 A,Old School
9cdb2d37-12e5-4efc-ace0-ceb325d46e75,44276cdb-1d54-4f8c-b1c4-3a205d7608fd,2,3,STANDARD,5,17.0,34.0,170.0,,False,2026-05-13T14:07:19+08:00,2026-05-13,31ea9d9e-669c-4752-9f44-80c3fa864021,Bent Over Row,b977c0cd-e306-4eef-89e1-0d4f4dbdb89b,stronglift 5x5 A,Old School
ed0479f0-f34a-4b98-a00a-858e130cb26a,afc1f9d0-9a14-4dd7-b3a2-462bad7fc292,3,4,STANDARD,5,17.0,34.0,170.0,,False,2026-05-13T14:08:57+08:00,2026-05-13,31ea9d9e-669c-4752-9f44-80c3fa864021,Bent Over Row,b977c0cd-e306-4eef-89e1-0d4f4dbdb89b,stronglift 5x5 A,Old School
fcfa05cb-f604-4bb8-aec2-e52d573fe153,f74badca-394f-4f95-bede-77b8e48439b7,4,5,STANDARD,5,17.0,34.0,170.0,,False,2026-05-13T14:10:12+08:00,2026-05-13,31ea9d9e-669c-4752-9f44-80c3fa864021,Bent Over Row,b977c0cd-e306-4eef-89e1-0d4f4dbdb89b,stronglift 5x5 A,Old School
04e2a024-7ce8-4099-833d-41014482f1af,504146e6-a6c6-456c-8474-efebdb1b3b56,0,1,STANDARD,5,20.0,40.0,200.0,,False,2026-05-13T14:14:09+08:00,2026-05-13,MUqWc_cySh8Szk49,High Bar Squat,,,Echo
33695ddf-fa00-4312-b09c-c7131ea109fc,66883a36-03c0-4567-973e-7f38a626f1c7,1,2,STANDARD,5,20.0,40.0,200.0,,False,2026-05-13T14:16:26+08:00,2026-05-13,MUqWc_cySh8Szk49,High Bar Squat,,,Echo
142a1d56-1ca2-4a2f-bb18-637681a0a5da,675a2916-d56f-4d2d-874b-0e9a69369ae6,0,1,STANDARD,5,34.0,68.0,340.0,,True,2026-05-16T16:20:13+08:00,2026-05-16,MUqWc_cySh8Szk49,High Bar Squat,bae9cb22-162b-4d9c-b49c-732e77b629bd,stronglift 5x5 B,Old School
70ce4774-d89b-446e-ba23-1976ea8e0a5f,43d188f7-3667-4d0c-b7f6-8b5db025fddb,1,2,STANDARD,5,34.0,68.0,340.0,,False,2026-05-16T16:23:13+08:00,2026-05-16,MUqWc_cySh8Szk49,High Bar Squat,bae9cb22-162b-4d9c-b49c-732e77b629bd,stronglift 5x5 B,Old School
1b202d5c-ce1a-4f43-a448-247fa9b3555d,17adb303-4578-41af-a95f-c8839099494a,2,3,STANDARD,5,34.0,68.0,340.0,,False,2026-05-16T16:26:05+08:00,2026-05-16,MUqWc_cySh8Szk49,High Bar Squat,bae9cb22-162b-4d9c-b49c-732e77b629bd,stronglift 5x5 B,Old School
6c4ef669-9547-4af4-9a82-8fb02048ea72,60aa0953-d278-4f6d-8bba-02a04cac175e,3,4,STANDARD,5,34.0,68.0,340.0,,False,2026-05-16T16:29:06+08:00,2026-05-16,MUqWc_cySh8Szk49,High Bar Squat,bae9cb22-162b-4d9c-b49c-732e77b629bd,stronglift 5x5 B,Old School
ea99c823-9212-4d5b-9aa3-83dd9b3e7010,959e03ba-647f-46dd-8da2-2701074f3736,0,1,STANDARD,5,5.0,10.0,50.0,,False,2026-05-16T16:32:07+08:00,2026-05-16,MUqWc_cySh8Szk49,High Bar Squat,bae9cb22-162b-4d9c-b49c-732e77b629bd,stronglift 5x5 B,Echo
60cd95e4-3319-436c-a422-116d9f636274,af5bfd5f-55c6-4fb3-8276-4bf6c9523e71,0,1,STANDARD,5,11.5,23.0,115.0,,True,2026-05-16T16:33:39+08:00,2026-05-16,e467f6b8-1e92-4571-b3e6-c020ca7099c3,Overhead Press,bae9cb22-162b-4d9c-b49c-732e77b629bd,stronglift 5x5 B,Old School
d4fb5fc3-2558-4b87-8d95-e157b6536431,eef7f0c7-a148-4618-afed-99ad4f3e3c6d,1,2,STANDARD,5,12.5,25.0,125.0,,True,2026-05-16T16:36:31+08:00,2026-05-16,e467f6b8-1e92-4571-b3e6-c020ca7099c3,Overhead Press,bae9cb22-162b-4d9c-b49c-732e77b629bd,stronglift 5x5 B,Old School
96b4f57b-2aa0-490d-8964-be6af8082a09,ed9bfb67-06ae-483a-bc2f-c182b16283a3,2,3,STANDARD,5,11.5,23.0,115.0,,False,2026-05-16T16:39:24+08:00,2026-05-16,e467f6b8-1e92-4571-b3e6-c020ca7099c3,Overhead Press,bae9cb22-162b-4d9c-b49c-732e77b629bd,stronglift 5x5 B,Old School
ac8e0569-7577-43e7-9200-503f912aca25,4535d22c-a285-4495-b911-e1a4b1a520a3,3,4,STANDARD,5,14.0,28.0,140.0,,True,2026-05-16T16:42:19+08:00,2026-05-16,e467f6b8-1e92-4571-b3e6-c020ca7099c3,Overhead Press,bae9cb22-162b-4d9c-b49c-732e77b629bd,stronglift 5x5 B,Old School
ddfe4d0d-59e6-401c-84c6-2d2e02545aa6,519aa9a2-8902-42a8-8fca-56e39d4a219a,0,1,STANDARD,6,5.0,10.0,60.0,,False,2026-05-16T16:45:30+08:00,2026-05-16,e467f6b8-1e92-4571-b3e6-c020ca7099c3,Overhead Press,bae9cb22-162b-4d9c-b49c-732e77b629bd,stronglift 5x5 B,Echo
53369678-bbf7-45be-b8aa-1d8d140f1266,c807b67b-753b-46bc-bb27-3f40d16bf12f,0,1,STANDARD,5,40.0,80.0,400.0,,True,2026-05-16T16:47:21+08:00,2026-05-16,e64c7837-52e2-4b97-b771-cf08ab861af1,Conventional Deadlift,bae9cb22-162b-4d9c-b49c-732e77b629bd,stronglift 5x5 B,Old School
eb1428d6-89b5-4bdb-b07d-34590c73c40e,6c45a411-6d77-48c9-a842-99353ed9a18d,0,1,STANDARD,6,5.0,10.0,60.0,,False,2026-05-16T16:49:42+08:00,2026-05-16,e64c7837-52e2-4b97-b771-cf08ab861af1,Conventional Deadlift,bae9cb22-162b-4d9c-b49c-732e77b629bd,stronglift 5x5 B,Echo
8c69c791-e885-4169-b40d-007811019fb1,43248ff0-dbaf-40cd-8559-c48e56cb29ca,0,1,STANDARD,5,35.5,71.0,355.0,,True,2026-05-19T11:59:14+08:00,2026-05-19,MUqWc_cySh8Szk49,High Bar Squat,79ff922d-ef3a-41e8-abca-991c0f3e31f0,stronglift 5x5 A,Old School
803195d2-4830-4b79-b070-1bbb21ea8aea,e45711dd-3d97-4058-94db-b2098af47933,1,2,STANDARD,5,35.5,71.0,355.0,,False,2026-05-19T12:01:39+08:00,2026-05-19,MUqWc_cySh8Szk49,High Bar Squat,79ff922d-ef3a-41e8-abca-991c0f3e31f0,stronglift 5x5 A,Old School
35e583e5-dd3e-4cf7-95fc-4b3aa4c81b51,a8e468e6-d5f3-4bca-a2aa-8e356094614a,2,3,STANDARD,5,35.5,71.0,355.0,,False,2026-05-19T12:04:34+08:00,2026-05-19,MUqWc_cySh8Szk49,High Bar Squat,79ff922d-ef3a-41e8-abca-991c0f3e31f0,stronglift 5x5 A,Old School
7bfeb92b-7e6c-482b-b987-9d085ebf96ed,e82b2f80-8699-4d07-822c-e9a9cd1675a0,3,4,STANDARD,5,35.5,71.0,355.0,,False,2026-05-19T12:07:25+08:00,2026-05-19,MUqWc_cySh8Szk49,High Bar Squat,79ff922d-ef3a-41e8-abca-991c0f3e31f0,stronglift 5x5 A,Old School
0e0431ad-cd21-4e8a-bfc6-cbd532621683,615b8590-0ee9-495f-bd95-2d3f567ee495,0,1,STANDARD,5,5.0,10.0,50.0,,False,2026-05-19T12:10:27+08:00,2026-05-19,MUqWc_cySh8Szk49,High Bar Squat,79ff922d-ef3a-41e8-abca-991c0f3e31f0,stronglift 5x5 A,Echo
0effb2f0-dff4-4c74-9fdc-0715a83fb7b8,2f7e26c3-b809-4f8d-8bcd-8ac9fa5686e8,0,1,STANDARD,5,18.0,36.0,180.0,,True,2026-05-19T12:11:58+08:00,2026-05-19,NmuYV1NROjrd0NaU,Neutral Grip Bench Press,79ff922d-ef3a-41e8-abca-991c0f3e31f0,stronglift 5x5 A,TUT Beast
36a52a12-b1e1-4f41-b42e-1699b58c5c23,40764fe0-557a-4d52-a768-340ee138a097,1,2,STANDARD,5,18.0,36.0,180.0,,False,2026-05-19T12:14:52+08:00,2026-05-19,NmuYV1NROjrd0NaU,Neutral Grip Bench Press,79ff922d-ef3a-41e8-abca-991c0f3e31f0,stronglift 5x5 A,TUT Beast
556938ed-a504-483b-8533-1b4b22e30ac7,e74a216a-3ba8-4de0-8363-8865e52883f7,2,3,STANDARD,5,18.0,36.0,180.0,,False,2026-05-19T12:17:47+08:00,2026-05-19,NmuYV1NROjrd0NaU,Neutral Grip Bench Press,79ff922d-ef3a-41e8-abca-991c0f3e31f0,stronglift 5x5 A,TUT Beast
0dc3bf4a-9111-4c5b-bf97-d6d8cd9be351,b8c4f09b-1c76-433e-af8c-65999cdebc01,3,4,STANDARD,5,18.0,36.0,180.0,,False,2026-05-19T12:20:40+08:00,2026-05-19,NmuYV1NROjrd0NaU,Neutral Grip Bench Press,79ff922d-ef3a-41e8-abca-991c0f3e31f0,stronglift 5x5 A,TUT Beast
0b25fe50-0f6d-47a4-b0e1-727774935bfe,cdcae0da-519e-4b75-9659-029425ead517,0,1,STANDARD,5,5.0,10.0,50.0,,False,2026-05-19T12:23:39+08:00,2026-05-19,NmuYV1NROjrd0NaU,Neutral Grip Bench Press,79ff922d-ef3a-41e8-abca-991c0f3e31f0,stronglift 5x5 A,Echo
16923ab4-4801-4272-9fa9-cc8f0db057c3,a047eead-0cdc-4f3e-b5e5-c2fc787ad369,0,1,STANDARD,5,17.0,34.0,170.0,,False,2026-05-19T12:25:00+08:00,2026-05-19,31ea9d9e-669c-4752-9f44-80c3fa864021,Bent Over Row,79ff922d-ef3a-41e8-abca-991c0f3e31f0,stronglift 5x5 A,Old School
89fbe280-23c0-43d2-9cc9-d7c375a5af05,069007da-51dc-4a4b-a7b3-bf5c17b70a08,1,2,STANDARD,5,17.0,34.0,170.0,,False,2026-05-19T12:27:38+08:00,2026-05-19,31ea9d9e-669c-4752-9f44-80c3fa864021,Bent Over Row,79ff922d-ef3a-41e8-abca-991c0f3e31f0,stronglift 5x5 A,Old School
c862f302-a4a7-47fc-9012-4539052f1977,c76d3da0-b5c9-40b1-a62e-2dee53096b15,2,3,STANDARD,5,17.0,34.0,170.0,,False,2026-05-19T12:30:16+08:00,2026-05-19,31ea9d9e-669c-4752-9f44-80c3fa864021,Bent Over Row,79ff922d-ef3a-41e8-abca-991c0f3e31f0,stronglift 5x5 A,Old School
e4240be7-b91f-4f49-a195-397c72c97cb5,6e452587-9354-43f6-a3fd-46c2c249cc92,3,4,STANDARD,5,17.0,34.0,170.0,,False,2026-05-19T12:32:45+08:00,2026-05-19,31ea9d9e-669c-4752-9f44-80c3fa864021,Bent Over Row,79ff922d-ef3a-41e8-abca-991c0f3e31f0,stronglift 5x5 A,Old School
698d6c64-3f3e-402b-95e5-19887d936f20,10dd555e-6997-4be4-876d-09496fe41e3e,4,5,STANDARD,5,17.0,34.0,170.0,,False,2026-05-19T12:35:05+08:00,2026-05-19,31ea9d9e-669c-4752-9f44-80c3fa864021,Bent Over Row,79ff922d-ef3a-41e8-abca-991c0f3e31f0,stronglift 5x5 A,Old School
bc10290c-5ea8-40af-9d94-ac5708ce54fb,1f961212-027f-4f5a-8e56-914f8c6063a5,0,1,STANDARD,5,5.0,10.0,50.0,,False,2026-05-19T12:37:24+08:00,2026-05-19,31ea9d9e-669c-4752-9f44-80c3fa864021,Bent Over Row,79ff922d-ef3a-41e8-abca-991c0f3e31f0,stronglift 5x5 A,Echo
b6fb5826-9647-4b34-a666-a6eeb1ce9088,5efa1364-1f67-4649-8acd-64383728bfc1,0,1,STANDARD,5,36.0,72.0,360.0,,True,2026-05-21T06:01:33+08:00,2026-05-21,MUqWc_cySh8Szk49,High Bar Squat,f9cf03d9-274b-4d3e-aed0-cd3843aab74e,stronglift 5x5 B,Old School
d3a4d516-68a4-49ec-a07f-f3754f08465f,e1b6a3a8-e03a-4794-907f-3f4c464ed938,1,2,STANDARD,5,36.0,72.0,360.0,,False,2026-05-21T06:04:24+08:00,2026-05-21,MUqWc_cySh8Szk49,High Bar Squat,f9cf03d9-274b-4d3e-aed0-cd3843aab74e,stronglift 5x5 B,Old School
dc5bc389-8115-42d0-9e20-d952c36a3d7a,75797c84-bf5e-467a-8b27-0c5c08650afd,2,3,STANDARD,5,36.0,72.0,360.0,,False,2026-05-21T06:06:49+08:00,2026-05-21,MUqWc_cySh8Szk49,High Bar Squat,f9cf03d9-274b-4d3e-aed0-cd3843aab74e,stronglift 5x5 B,Old School
c7a09615-03fc-4da2-8ea4-e8ede68b635d,ade9d79a-d9b7-4f59-acff-f8d4d3c2d274,3,4,STANDARD,5,36.0,72.0,360.0,,False,2026-05-21T06:09:39+08:00,2026-05-21,MUqWc_cySh8Szk49,High Bar Squat,f9cf03d9-274b-4d3e-aed0-cd3843aab74e,stronglift 5x5 B,Old School
1c762af3-e919-47be-9d71-4d72f130cb70,c3f15abe-1ae4-45c0-bd81-f8c1c6e479d1,0,1,STANDARD,5,5.0,10.0,50.0,,False,2026-05-21T06:12:43+08:00,2026-05-21,MUqWc_cySh8Szk49,High Bar Squat,f9cf03d9-274b-4d3e-aed0-cd3843aab74e,stronglift 5x5 B,Echo
c805b99c-6b7f-4e26-8591-e4ae737562f8,3ffafe2a-629d-46b2-b649-dd327e1779d5,0,1,STANDARD,5,14.0,28.0,140.0,,False,2026-05-21T06:14:04+08:00,2026-05-21,e467f6b8-1e92-4571-b3e6-c020ca7099c3,Overhead Press,f9cf03d9-274b-4d3e-aed0-cd3843aab74e,stronglift 5x5 B,Old School
e24e5984-8ec9-4508-9c74-db6d1ceb62f4,6b6cd56d-caaf-432e-ad86-bc8ac7271d7c,1,2,STANDARD,5,14.0,28.0,140.0,,False,2026-05-21T06:16:03+08:00,2026-05-21,e467f6b8-1e92-4571-b3e6-c020ca7099c3,Overhead Press,f9cf03d9-274b-4d3e-aed0-cd3843aab74e,stronglift 5x5 B,Old School
3e1e3d54-849f-4a14-a8e6-f24b6c319245,60201365-07bb-43f7-a178-f45040aafdc6,2,3,STANDARD,5,14.0,28.0,140.0,,False,2026-05-21T06:18:58+08:00,2026-05-21,e467f6b8-1e92-4571-b3e6-c020ca7099c3,Overhead Press,f9cf03d9-274b-4d3e-aed0-cd3843aab74e,stronglift 5x5 B,Old School
d0ea7850-ee86-4472-9e49-34262619b548,fbea8ec0-aca4-4805-b765-af37464c5bc9,3,4,STANDARD,5,14.0,28.0,140.0,,False,2026-05-21T06:20:32+08:00,2026-05-21,e467f6b8-1e92-4571-b3e6-c020ca7099c3,Overhead Press,f9cf03d9-274b-4d3e-aed0-cd3843aab74e,stronglift 5x5 B,Old School
39d9e55a-56a0-4acc-9216-5c1da4e1b0f8,0a3ef976-1d01-4e8e-80a8-0f9012e46364,0,1,STANDARD,5,5.0,10.0,50.0,,False,2026-05-21T06:23:36+08:00,2026-05-21,e467f6b8-1e92-4571-b3e6-c020ca7099c3,Overhead Press,f9cf03d9-274b-4d3e-aed0-cd3843aab74e,stronglift 5x5 B,Echo
ca682f47-e05a-4d6e-bfca-76c1dbeb2a5d,9b2d7700-dba3-45c1-a455-d76c17910691,0,1,STANDARD,5,42.5,85.0,425.0,,True,2026-05-21T06:25:39+08:00,2026-05-21,e64c7837-52e2-4b97-b771-cf08ab861af1,Conventional Deadlift,f9cf03d9-274b-4d3e-aed0-cd3843aab74e,stronglift 5x5 B,Old School
0c8cac4d-4cdb-4b79-9a19-9047b76b3a30,787f011d-94cf-49c8-ac2a-60427424d1e5,0,1,STANDARD,5,5.0,10.0,50.0,,False,2026-05-21T06:27:25+08:00,2026-05-21,e64c7837-52e2-4b97-b771-cf08ab861af1,Conventional Deadlift,f9cf03d9-274b-4d3e-aed0-cd3843aab74e,stronglift 5x5 B,Echo
